{"SAD": {"accuracy": 0.9637681159420289, "precision": 0.9637509850275807, "recall": 0.9637509850275807, "f1_score": 0.9637509850275807, "confusion_matrix": 